rank,citizenship,residents,share_of_foreign_residents_pct
1,Egitto,41957,14.2
2,"Cinese, Rep. Popolare",37641,12.7
3,Filippine,35638,12.0
4,Perù,18399,6.2
5,Sri Lanka (ex Ceylon),15629,5.3
6,Romania,15248,5.2
7,Bangladesh,11841,4.0
8,Ucraina,9811,3.3
9,Ecuador,8172,2.8
10,Marocco,7671,2.6
11,El Salvador,6355,2.1
12,Francia,5386,1.8
13,Albania,4419,1.5
14,Iran,3960,1.3
15,"Russa, Federazione",3734,1.3
16,Spagna,3501,1.2
17,Brasile,3441,1.2
18,Pakistan,3204,1.1
19,Turchia,2734,0.9
20,Senegal,2709,0.9
