Anno_evento;Luogo_Prov;Numerosità
2020;Abruzzo;391
2020;Altre prov. Lombardia;5229
2020;Basilicata;268
2020;Calabria;959
2020;Campania;1968
2020;Emilia Romagna;1105
2020;Estero;10518
2020;Friuli Venezia Giulia;236
2020;Lazio;1588
2020;Liguria;688
2020;Marche;352
2020;Molise;94
2020;n.d.;1894
2020;Piemonte;1466
2020;Prov. MI;6324
2020;Puglia;1622
2020;Sardegna;385
2020;Sicilia;1701
2020;Toscana;893
2020;Trentino Alto Adige;135
2020;Umbria;203
2020;Valle d'Aosta;32
2020;Veneto;994
2021;Abruzzo;480
2021;Altre prov. Lombardia;6027
2021;Basilicata;298
2021;Calabria;1048
2021;Campania;2310
2021;Emilia Romagna;1339
2021;Estero;13489
2021;Friuli Venezia Giulia;306
2021;Lazio;1590
2021;Liguria;819
2021;Marche;421
2021;Molise;93
2021;n.d.;3226
2021;Piemonte;1490
2021;Prov. MI;7380
2021;Puglia;1855
2021;Sardegna;415
2021;Sicilia;1954
2021;Toscana;1082
2021;Trentino Alto Adige;198
2021;Umbria;226
2021;Valle d'Aosta;42
2021;Veneto;1207
2022;Abruzzo;515
2022;Altre prov. Lombardia;5592
2022;Basilicata;297
2022;Calabria;1187
2022;Campania;2581
2022;Emilia Romagna;1517
2022;Estero;18573
2022;Friuli Venezia Giulia;339
2022;Lazio;2053
2022;Liguria;888
2022;Marche;491
2022;Molise;145
2022;n.d.;3669
2022;Piemonte;1588
2022;Prov. MI;7218
2022;Puglia;2262
2022;Sardegna;388
2022;Sicilia;2338
2022;Toscana;1110
2022;Trentino Alto Adige;227
2022;Umbria;267
2022;Valle d'Aosta;38
2022;Veneto;1320
2023;Abruzzo;574
2023;Altre prov. Lombardia;5630
2023;Basilicata;295
2023;Calabria;1109
2023;Campania;2503
2023;Emilia Romagna;1410
2023;Estero;26359
2023;Friuli Venezia Giulia;329
2023;Lazio;1840
2023;Liguria;787
2023;Marche;524
2023;Molise;108
2023;n.d.;1569
2023;Piemonte;1547
2023;Prov. MI;7188
2023;Puglia;2164
2023;Sardegna;398
2023;Sicilia;2005
2023;Toscana;1201
2023;Trentino Alto Adige;192
2023;Umbria;269
2023;Valle d'Aosta;51
2023;Veneto;1323
2024;Abruzzo;483
2024;Altre prov. Lombardia;5081
2024;Basilicata;284
2024;Calabria;993
2024;Campania;2229
2024;Emilia Romagna;1284
2024;Estero;19755
2024;Friuli Venezia Giulia;273
2024;Lazio;1689
2024;Liguria;693
2024;Marche;465
2024;Molise;102
2024;n.d.;14
2024;Piemonte;1413
2024;Prov. MI;5879
2024;Puglia;1809
2024;Sardegna;315
2024;Sicilia;1598
2024;Toscana;968
2024;Trentino Alto Adige;201
2024;Umbria;237
2024;Valle d'Aosta;56
2024;Veneto;1132
