id,title,url,publisher,kind,snapshot,retrieved_at,status,notes
ds549,Sedi dei servizi anagrafici,https://dati.comune.milano.it/dataset/ds549-sedi-dei-servizi-anagrafici,Comune di Milano,opendata,opendata/ds549-sedi-dei-servizi-anagrafici.csv,2026-10-03,ok,Licence CC BY. CSV resource last modified 2026-01-28. Cleaned into offices.json by tools/clean_offices.py
ds1702,Rilevazione qualità del servizio 2022 - Richieste residenza,https://dati.comune.milano.it/dataset/ds1702-rilevazione-qualita-servizio-richieste-residenza-anno-2022,Comune di Milano,opendata,context/residence-2022-helped-by-group.csv,2026-10-03,ok,"Survey of the online residence service, 10,194 responses. Raw CSV not committed (2 MB): tools/fetch_opendata.py. Licence CC BY"
ds1511,Rilevazione qualità del servizio 2021 - Appuntamenti on line,https://dati.comune.milano.it/dataset/ds1511-rilevazione-della-qualita-del-servizio-appuntamenti-on-line-anno-2021,Comune di Milano,opendata,context/online-services-helped.csv,2026-10-03,ok,"Survey, 4,646 responses. Raw CSV not committed: tools/fetch_opendata.py. Licence CC BY"
ds1512,Rilevazione qualità del servizio 2021 - Richieste certificati anagrafici,https://dati.comune.milano.it/dataset/ds1512-rilevazione-qualita-servizio-richieste-certificati-anno-2021,Comune di Milano,opendata,context/online-services-helped.csv,2026-10-03,ok,"Survey, 10,915 responses. Raw CSV not committed: tools/fetch_opendata.py. Licence CC BY"
ds1959,Iscrizioni anagrafiche per luogo di provenienza (2020-2024),https://dati.comune.milano.it/dataset/ds1959-popolazione-iscrizioni-anagrafiche-per-luogo-di-provenienza,Comune di Milano,opendata,opendata/ds1959-popolazione-iscrizioni-anagrafiche-per-luogo-di-provenienza.csv,2026-10-03,ok,Summarised in context/arrivals-from-abroad.csv. Licence CC BY
ds74,Stranieri: residenti per cittadinanza (1979-2025),https://dati.comune.milano.it/dataset/ds74-popolazione-residenti-stranieri-cittadinanza-e-municipio,Comune di Milano,opendata,context/foreign-residents-2025-top20.csv,2026-10-03,ok,Raw CSV not committed: tools/fetch_opendata.py. Licence CC BY
cie,Carta d'identità (pagina del servizio),https://www.comune.milano.it/servizi/anagrafe/carta-d-identita,Comune di Milano,page,pages/cie.md,2026-10-04,ok,"Documents to bring, cases (renewal, loss/theft, minors, non-EU), cost, delivery, walk-in exceptions. Page says 'Ultimo aggiornamento: 02/10/2026'. Fetched with browser headers (the City's Azure WAF answers 403 to scripts), cleaned with data/tools/clean_html.py, saved with onevisit ingest."
cie-ministero,Carta d'identità elettronica: rilascio e rinnovo in Italia,https://www.cartaidentita.interno.gov.it/richiedi/rilascio-e-rinnovo-in-italia/,Ministero dell'Interno,page,pages/cie-ministero.md,2026-10-04,ok,"National source: renew from 180 days before expiry, what happens at the desk, delivery within 6 working days, state fee (EUR 16.79 plus municipal fees; Milan's total is on the cie page). Article element only."
residenza-estero,Cambio di residenza per persone straniere provenienti dall'estero,https://www.comune.milano.it/servizi/anagrafe/cambio-di-residenza-per-persone-straniere-provenienti-dall-estero,Comune di Milano,page,pages/residenza-estero.md,2026-10-04,ok,"Service page: the request is ONLINE (button 'Richiedi' -> form MOD_DDR_ESTERO), documents are uploaded; legal effects from the date of the declaration. Requirements are in the linked pages residenza-estero-modulistica and residenza-estero-extraue. 'Ultimo aggiornamento: 27/07/2026'. Fetched with browser headers (the City's Azure WAF answers 403 to scripts), cleaned with data/tools/clean_html.py, saved with onevisit ingest."
residenza-estero-modulistica,Modulistica: richiesta di residenza per persone straniere provenienti dall'estero,https://www.comune.milano.it/servizi/anagrafe/richiesta-di-residenza-per-persone-straniere-provenienti-dall-estero/modulistica-richiesta-di-residenza-per-persone-straniere-provenienti-dall-estero,Comune di Milano,page,pages/residenza-estero-modulistica.md,2026-10-04,ok,"Linked from residenza-estero ('Scarica la modulistica e i documenti'): file formats, 7 MB limit, no email, identity document, proof of the right to live in the home (owner, tenant, free loan, guest, domestic worker), minors. 'Ultimo aggiornamento: 16/06/2026'. Fetched with browser headers (the City's Azure WAF answers 403 to scripts), cleaned with data/tools/clean_html.py, saved with onevisit ingest."
residenza-estero-extraue,Dichiarazione di residenza - Allegato A: documentazione per l'iscrizione anagrafica di cittadini extra UE,https://www.comune.milano.it/documents/20118/42443/Elenco+documenti+per+persone+provenienti+da+Paesi+extraUE.pdf/f59656a6-d8aa-7960-fc88-60daf732aeb3?version=1.0&t=1743091608057&download=true,Comune di Milano,pdf,pages/residenza-estero-extraue.md,2026-10-04,ok,"PDF linked from residenza-estero-modulistica ('Elenco documenti per persone provenienti da Paesi extraUE'): four cases (valid permit, permit being renewed, waiting for first permit for employment, waiting for family reunification permit). Text extracted with pdftotext -raw (data/tools/clean_html.py --pdf). The PDF file was created in 2013 (PDF metadata): it may predate current rules, flag for the City."
residenza-estero-modulo,Richiesta di residenza per persone straniere provenienti dall'estero (modulo online MOD_DDR_ESTERO),https://formshd4.comune.milano.it/rwe2/module_preview.jsp?MODULE_TAG=MOD_DDR_ESTERO,Comune di Milano,form,pages/residenza-estero-modulo.md,2026-10-04,ok,"Instructions on the City's online form: who signs, scan and upload only through the form, summary email then protocol number, one open request at a time. The description is shipped as escaped HTML and decoded with clean_html.py --unescape-inner."
cambio-residenza,Cambio di residenza,https://www.comune.milano.it/servizi/anagrafe/cambio-di-residenza,Comune di Milano,page,pages/cambio-residenza.md,2026-10-04,ok,"For moves from another Italian Comune or within Milan (online on ANPR with SPID or CIE): 20 days to declare, registration within 2 working days. NOT the procedure for people arriving from abroad (see residenza-estero). 'Ultimo aggiornamento: 16/06/2026'. Fetched with browser headers (the City's Azure WAF answers 403 to scripts), cleaned with data/tools/clean_html.py, saved with onevisit ingest."
dimora-abituale,Rinnovo dichiarazione dimora abituale per persone extra UE,https://www.comune.milano.it/servizi/anagrafe/rinnovo-dichiarazione-dimora-abituale-per-persone-extra-ue,Comune di Milano,page,pages/dimora-abituale.md,2026-10-04,ok,"After residence: within 60 days of renewing the permit, renew the declaration of habitual abode (online or at the desk by appointment). Basis for a proactive reminder. 'Ultimo aggiornamento: 27/07/2026'. Fetched with browser headers (the City's Azure WAF answers 403 to scripts), cleaned with data/tools/clean_html.py, saved with onevisit ingest."
prenotazione,Prenota il tuo appuntamento in Comune,https://www.comune.milano.it/servizi/prenota-il-tuo-appuntamento-in-comune,Comune di Milano,page,pages/prenotazione.md,2026-10-04,ok,"Booking page and check-in on the day (QR code from the confirmation email, codice fiscale or CIE). 'Ultimo aggiornamento: 18/08/2026'. Fetched with browser headers (the City's Azure WAF answers 403 to scripts), cleaned with data/tools/clean_html.py, saved with onevisit ingest."
permesso-soggiorno,Il rilascio del permesso di soggiorno,https://www.poliziadistato.it/articolo/225,Polizia di Stato,page,pages/permesso-soggiorno.md,2026-10-04,ok,"National source (Polizia di Stato): apply within 8 working days of entry, to the Questura (some permits via post offices), documents, average 60 days, contribution. Page dated 24/06/2014, modified 05/01/2024. Article element only."
permesso-soggiorno-come,"Permesso di soggiorno: come, dove e quanto costa",https://www.poliziadistato.it/articolo/217,Polizia di Stato,page,pages/permesso-soggiorno-come.md,2026-10-04,ok,"National source (Polizia di Stato): where to apply (post office kit, Patronati, Comuni, Sportello Unico; otherwise only the Questura), costs, the post office receipt, the Questura appointment for fingerprints. Page dated 07/04/2014, modified 18/04/2019. The article text on the site ends mid-sentence. Article element only."
codice-fiscale,Il Codice Fiscale - Che cos'è e come si ottiene,https://www.agenziaentrate.gov.it/portale/codice-fiscale-e-tessera-sanitaria/che-cos-,Agenzia delle Entrate,page,pages/codice-fiscale.md,2026-10-04,ok,National source (Agenzia delle Entrate): for foreigners applying for a permit the code is assigned by the Questura (or by the Sportello Unico for work/family entry); first code for foreigners requires an in-person appointment. 'Ultimo aggiornamento: 7 marzo 2025'. Article element only.
yesmilano-students,"Take Residence in Milano (YesMilano, International Student Desk)",https://www.yesmilano.it/en/study/how-to/take-residence-milano-students,YesMilano,page,pages/yesmilano-students.md,2026-10-04,ok,"The City's information path for international students named in the hackathon brief (YesMilano / Milano&Partners). English. Documents, the online platform, 45-day check with home visit, 20-day and 60-day update duties. The site sometimes answers 403 to repeated requests; fetched with browser headers. Article element only."
yesmilano-permesso,"Get Your Residence Permit (YesMilano, International Student Desk)",https://www.yesmilano.it/en/study/how-to/residence-permit-students,YesMilano,page,pages/yesmilano-permesso.md,2026-10-04,ok,"Student path (English): apply within 8 working days of arrival, post office kit, receipt as proof of legal stay, police appointment. For amounts use the national sources (permesso-soggiorno, permesso-soggiorno-come). Article element only."
yesmilano-codice-fiscale,"Get Your Tax Code (YesMilano, International Student Desk)",https://www.yesmilano.it/en/study/how-to/get-italian-tax-code-codice-fiscale,YesMilano,page,pages/yesmilano-codice-fiscale.md,2026-10-04,ok,"Student path (English): tax code only after arrival, Agenzia delle Entrate appointment, form AA4/8 signed by pen. First article element only."
anpr-cambio-residenza,"Cambio di residenza (Anagrafe Nazionale, ANPR)",https://www.anagrafenazionale.interno.it/area-cittadino/cambio-di-residenza/,Ministero dell'Interno,page,pages/anpr-cambio-residenza.md,2026-10-04,ok,"National source (ANPR), linked from the City's cambio-residenza page as the place to apply: who can use it, the two kinds of declaration, what the form asks (cadastral data or rental contract details and the owner's ID card), permit required for non-EU citizens, free of charge, 2 days to register, at most 45 days of checks, status in 'Le tue richieste'. Fetched with browser headers, cleaned with data/tools/clean_html.py, saved with onevisit ingest."
